Name,Author,Keyword,Title,Link
聪明的投资者,本杰明•格雷厄姆,投资理念,一个实战派的投资书单,https://mp.weixin.qq.com/s/2Q26WnkqhbmUaXge5uzduw
巴菲特与索罗斯的投资习惯,马克·泰尔,投资理念,一个实战派的投资书单,https://mp.weixin.qq.com/s/2Q26WnkqhbmUaXge5uzduw
金融市场基础知识,中国证券业协会,投资基础知识,一个实战派的投资书单,https://mp.weixin.qq.com/s/2Q26WnkqhbmUaXge5uzduw
上市公司公告解读25讲,深圳证券交易所投资者教育中心,投资基础知识,一个实战派的投资书单,https://mp.weixin.qq.com/s/2Q26WnkqhbmUaXge5uzduw
股市真规则,帕特·多尔西,投资基础知识,一个实战派的投资书单,https://mp.weixin.qq.com/s/2Q26WnkqhbmUaXge5uzduw
伟大的博弈,约翰 S 戈登,金融史,一个实战派的投资书单,https://mp.weixin.qq.com/s/2Q26WnkqhbmUaXge5uzduw
股市风云二十年,肖宾,金融史,一个实战派的投资书单,https://mp.weixin.qq.com/s/2Q26WnkqhbmUaXge5uzduw
追寻价值之路,燕翔,金融史,一个实战派的投资书单,https://mp.weixin.qq.com/s/2Q26WnkqhbmUaXge5uzduw
荣辱二十年,阚治东,金融史,一个实战派的投资书单,https://mp.weixin.qq.com/s/2Q26WnkqhbmUaXge5uzduw
大而不倒,安德鲁 罗斯 索尔金,金融史,一个实战派的投资书单,https://mp.weixin.qq.com/s/2Q26WnkqhbmUaXge5uzduw
机构投资的创新之路,大卫·F·史文森,投资策略;资产配置,一个实战派的投资书单,https://mp.weixin.qq.com/s/2Q26WnkqhbmUaXge5uzduw
不落俗套的成功,大卫·F·史文森,投资策略;资产配置,一个实战派的投资书单,https://mp.weixin.qq.com/s/2Q26WnkqhbmUaXge5uzduw
巴菲特致合伙人的信,沃伦·巴菲特,投资策略,一个实战派的投资书单,https://mp.weixin.qq.com/s/2Q26WnkqhbmUaXge5uzduw
巴菲特致股东的信,沃伦·巴菲特,投资策略,一个实战派的投资书单,https://mp.weixin.qq.com/s/2Q26WnkqhbmUaXge5uzduw
滚雪球,艾丽丝·施罗德,投资策略,一个实战派的投资书单,https://mp.weixin.qq.com/s/2Q26WnkqhbmUaXge5uzduw
巴菲特传,罗杰·洛温斯坦,投资策略,一个实战派的投资书单,https://mp.weixin.qq.com/s/2Q26WnkqhbmUaXge5uzduw
穷查理宝典,彼得·考夫曼 ,投资策略,一个实战派的投资书单,https://mp.weixin.qq.com/s/2Q26WnkqhbmUaXge5uzduw
彼得林奇的成功投资,彼得·林奇,投资策略,一个实战派的投资书单,https://mp.weixin.qq.com/s/2Q26WnkqhbmUaXge5uzduw
战胜华尔街,彼得·林奇,投资策略,一个实战派的投资书单,https://mp.weixin.qq.com/s/2Q26WnkqhbmUaXge5uzduw